price,area,bedrooms,bathrooms,stories,mainroad,guestroom,basement,hotwaterheating,airconditioning,parking,prefarea,furnishingstatus
6620333,4614,3,2,3,yes,no,no,no,no,2,no,semi-furnished
5991209,4272,4,2,1,no,yes,no,no,no,0,no,semi-furnished
4773854,3605,3,2,1,yes,no,yes,no,no,0,no,unfurnished
8578505,4151,3,2,2,yes,no,yes,yes,yes,0,no,semi-furnished
8477083,3188,3,2,2,yes,yes,no,no,yes,0,yes,semi-furnished
7550989,2242,4,2,2,no,no,no,no,no,2,no,semi-furnished
7813690,5376,4,1,1,yes,no,yes,no,no,0,no,furnished
10572563,4214,4,1,2,yes,no,no,no,no,0,no,furnished
10467768,4033,4,2,2,yes,no,yes,no,no,0,no,semi-furnished
9461387,2587,3,2,2,yes,no,yes,no,no,0,yes,unfurnished
6076321,1518,4,2,2,yes,no,no,no,no,0,no,semi-furnished
5291228,3171,4,1,2,yes,no,yes,no,yes,2,no,semi-furnished
5998152,5300,3,2,1,yes,no,yes,no,yes,0,no,unfurnished
10634840,3222,3,2,1,yes,yes,no,no,yes,2,no,semi-furnished
9039739,6234,4,2,2,yes,no,no,no,no,0,yes,semi-furnished
3879806,4090,2,2,2,yes,yes,no,no,no,0,no,semi-furnished
8966750,3093,3,2,2,yes,no,no,no,yes,0,no,semi-furnished
2963928,4617,3,1,1,yes,no,no,no,no,0,no,furnished
4928388,2250,2,2,1,yes,yes,no,no,no,0,yes,unfurnished
5132408,4001,3,2,1,yes,no,no,no,no,2,no,semi-furnished
3678929,3899,3,2,2,yes,no,yes,no,no,1,no,semi-furnished
7957406,3745,4,1,1,yes,no,no,no,no,1,yes,unfurnished
5888869,5765,3,2,1,yes,no,no,no,yes,0,no,unfurnished
4563295,5430,4,1,2,yes,yes,yes,no,no,2,yes,unfurnished
12795303,2389,4,2,2,yes,no,no,no,no,0,no,semi-furnished
11650758,2251,4,2,2,no,yes,yes,no,no,2,yes,semi-furnished
6280908,5011,2,1,2,yes,no,yes,no,no,0,no,furnished
6629145,4892,3,2,1,no,no,no,no,no,2,no,furnished
8741012,4607,4,2,2,no,no,yes,no,no,0,no,semi-furnished
5942056,1911,3,1,2,yes,no,no,no,yes,1,no,furnished
4081900,6054,2,1,1,yes,no,no,yes,yes,1,yes,semi-furnished
10684482,3387,3,2,1,no,no,no,no,no,0,no,furnished
6428626,6561,4,2,2,yes,no,yes,no,no,0,no,unfurnished
4597069,2729,4,1,2,yes,no,no,no,no,2,no,furnished
4142319,2305,2,2,2,yes,yes,no,no,no,1,no,semi-furnished
8368235,1809,3,2,4,yes,no,no,yes,no,0,no,unfurnished
3534250,2344,2,2,1,no,yes,no,no,no,2,no,unfurnished
4947894,3410,3,2,2,yes,no,no,no,no,2,no,semi-furnished
8570565,3921,2,1,1,yes,no,no,no,yes,2,no,furnished
6143236,6010,2,2,1,yes,no,yes,no,no,0,no,unfurnished
5310005,3334,4,2,2,yes,yes,yes,no,no,0,no,semi-furnished
4954172,6190,2,1,2,yes,no,no,no,no,2,no,semi-furnished
6205244,2729,4,2,2,yes,no,yes,no,no,0,no,furnished
6163228,6259,4,1,2,yes,yes,no,no,no,0,no,semi-furnished
4900710,5338,3,2,1,yes,no,no,no,yes,2,no,semi-furnished
7030491,8588,4,4,2,yes,no,no,yes,yes,1,yes,furnished
6900732,6543,3,2,2,yes,no,no,no,no,2,no,semi-furnished
7431849,1819,2,2,2,yes,yes,no,no,no,2,yes,unfurnished
10309555,3363,4,2,1,no,no,no,no,no,2,no,unfurnished
8483472,3822,3,1,2,yes,no,yes,no,yes,0,no,furnished
4556869,2369,4,1,1,yes,no,yes,no,no,0,no,semi-furnished
6857944,5769,2,1,2,yes,no,no,no,yes,1,no,semi-furnished
5883134,2834,3,1,2,yes,no,no,no,no,0,no,unfurnished
7976239,2461,2,2,1,yes,no,yes,no,no,1,no,unfurnished
9973871,5066,2,2,1,yes,yes,no,no,no,2,no,semi-furnished
5889124,2376,3,2,2,yes,no,no,no,no,2,no,semi-furnished
5241660,931,4,1,1,yes,no,no,no,yes,0,no,furnished
10028545,1340,3,1,2,yes,no,yes,no,yes,0,yes,semi-furnished
4136123,2031,4,2,2,yes,no,yes,no,no,2,no,unfurnished
5306820,1692,3,1,2,yes,no,yes,no,no,1,no,furnished
6899876,1372,4,2,1,yes,no,no,no,no,0,no,semi-furnished
5911358,2959,2,1,1,yes,no,yes,yes,no,0,yes,semi-furnished
10773198,7193,2,2,1,yes,no,no,no,yes,2,no,unfurnished
4425953,1845,3,2,2,no,no,no,no,no,0,no,semi-furnished
11864442,2809,3,2,2,yes,yes,no,no,yes,0,no,furnished
7018166,3945,3,2,3,yes,no,no,yes,yes,0,no,semi-furnished
3773046,2580,2,1,1,yes,no,no,no,yes,0,no,semi-furnished
9307030,3178,2,1,1,yes,no,no,no,no,0,no,furnished
4951439,2875,4,2,1,yes,no,no,no,no,0,no,unfurnished
9127643,2582,4,1,2,yes,no,yes,no,yes,0,no,semi-furnished
3764731,3961,3,2,1,no,no,no,no,yes,0,no,furnished
11155126,2345,2,2,3,yes,no,no,no,no,0,yes,semi-furnished
7902981,3907,4,2,2,yes,no,no,no,no,0,no,furnished
7726681,2413,2,2,2,yes,no,no,no,no,0,no,unfurnished
4051518,3534,4,2,1,yes,no,no,no,yes,2,no,semi-furnished
3790124,2954,2,2,2,yes,no,no,no,no,2,no,semi-furnished
5659712,8359,3,2,1,no,no,no,no,no,0,no,furnished
4170406,10467,4,1,2,yes,no,yes,no,yes,2,no,semi-furnished
7926922,3239,3,2,1,yes,no,no,no,no,0,no,semi-furnished
4634767,4069,3,2,1,yes,no,no,no,yes,0,yes,semi-furnished
11059691,2352,2,1,1,yes,no,yes,no,yes,2,no,semi-furnished
6516305,3294,3,2,2,yes,no,yes,no,no,0,yes,unfurnished
4307807,2585,3,2,2,yes,no,no,no,no,4,no,unfurnished
12122072,2215,2,2,2,yes,yes,no,no,no,2,no,semi-furnished
5497012,2937,3,1,1,yes,no,yes,no,no,0,no,semi-furnished
7798727,4576,3,1,2,yes,yes,yes,no,no,2,no,unfurnished
6015176,2931,4,2,2,no,no,yes,no,yes,2,no,semi-furnished
5432457,5709,2,1,2,no,no,no,no,no,2,no,furnished
7970120,3849,2,2,1,yes,no,no,no,no,0,no,semi-furnished
6149207,4035,4,2,1,yes,yes,no,no,yes,0,no,unfurnished
12221045,1889,3,2,1,yes,yes,no,no,yes,0,yes,semi-furnished
10361777,4737,2,2,2,yes,yes,yes,no,no,0,no,semi-furnished
3835404,4569,3,2,1,yes,no,yes,yes,no,2,no,semi-furnished
7592050,7069,3,2,1,yes,no,yes,no,yes,0,yes,furnished
12354481,2627,4,1,2,yes,yes,no,no,yes,0,yes,furnished
7487565,3410,4,2,1,yes,no,no,no,yes,1,no,unfurnished
6124625,3123,4,2,1,yes,no,yes,no,yes,0,no,semi-furnished
4997356,6119,4,2,1,yes,no,no,no,yes,1,yes,semi-furnished
10364647,1324,3,1,1,yes,no,yes,no,no,0,yes,unfurnished
4340146,5412,4,2,1,yes,no,no,no,no,0,no,unfurnished
11847606,4495,4,1,1,yes,yes,yes,no,no,0,no,semi-furnished
6351435,1299,4,1,2,yes,no,yes,no,yes,0,no,furnished
4503617,5662,3,1,1,yes,no,no,no,yes,1,no,semi-furnished
11369925,1913,4,1,1,yes,no,no,no,no,2,no,semi-furnished
11844862,1479,2,2,2,yes,no,yes,no,no,2,yes,unfurnished
5571645,2840,3,2,2,yes,yes,no,no,no,2,yes,unfurnished
9460732,3318,3,2,1,yes,no,yes,no,yes,0,no,unfurnished
4420378,3607,4,2,1,yes,no,no,no,yes,2,no,furnished
11887795,7929,4,2,2,no,no,no,no,no,0,no,unfurnished
5097318,3896,3,1,1,yes,no,yes,no,yes,2,no,unfurnished
7869293,2220,2,2,2,yes,no,no,yes,no,0,no,semi-furnished
8365662,2423,5,2,4,no,no,yes,no,yes,1,yes,semi-furnished
10219225,4100,4,2,1,yes,no,yes,no,no,0,no,semi-furnished
7653588,2792,3,2,2,no,no,yes,no,no,1,yes,furnished
8661401,4539,4,2,1,yes,yes,no,no,no,2,no,semi-furnished
7671121,1881,3,2,2,no,no,yes,yes,no,2,no,unfurnished
4496764,4592,4,2,2,no,no,no,no,no,2,no,furnished
6695330,4599,4,2,1,no,no,yes,no,yes,0,no,furnished
7840673,3392,4,1,2,no,no,no,no,yes,0,no,semi-furnished
10048788,2199,3,2,2,yes,no,yes,no,no,0,no,semi-furnished
5215871,2726,4,2,1,yes,no,no,no,yes,2,no,semi-furnished
13044259,5416,4,2,1,yes,no,yes,yes,yes,0,no,unfurnished
7355913,4804,3,1,2,yes,no,no,no,no,2,yes,furnished
6606834,1629,3,1,2,yes,no,yes,no,yes,2,no,unfurnished
5967935,4421,2,2,2,yes,yes,yes,no,yes,0,no,semi-furnished
6385237,2394,2,2,2,no,yes,yes,no,no,0,yes,furnished
7508059,1847,2,2,2,yes,no,no,no,no,0,yes,semi-furnished
12287018,5909,4,2,1,yes,no,yes,no,yes,2,no,furnished
12473352,3086,3,1,2,yes,no,no,no,yes,0,no,unfurnished
11719868,2877,3,1,1,yes,yes,yes,no,no,0,no,semi-furnished
8192902,5875,4,2,2,yes,no,no,no,no,2,no,unfurnished
6908732,4151,4,1,1,no,no,yes,no,no,0,yes,semi-furnished
7835761,4522,3,2,2,yes,no,no,no,yes,0,no,unfurnished
7883201,4599,3,2,2,no,no,no,no,yes,0,no,furnished
9714085,8658,4,2,1,yes,no,no,no,no,0,yes,semi-furnished
9889253,2570,3,2,1,no,no,no,no,no,1,no,semi-furnished
10927460,3680,2,1,2,yes,no,no,no,no,0,yes,unfurnished
7567458,2434,4,2,1,yes,yes,yes,no,yes,0,no,unfurnished
9105206,4659,2,2,1,yes,no,no,no,no,0,no,unfurnished
12213032,2045,4,2,3,yes,yes,no,no,no,2,no,semi-furnished
10082484,7152,3,1,1,yes,no,yes,no,no,0,no,unfurnished
9830337,-379,2,1,3,yes,yes,yes,no,no,2,no,semi-furnished
10060011,3250,3,2,1,yes,no,no,no,yes,3,no,semi-furnished
12963198,11127,3,2,2,yes,no,yes,no,yes,0,no,semi-furnished
4289828,2585,2,2,3,yes,yes,no,no,no,2,no,semi-furnished
5598973,2107,2,1,1,yes,no,no,yes,yes,0,no,furnished
10814400,2141,2,2,1,yes,yes,no,no,yes,0,no,semi-furnished
8873336,5652,4,2,1,yes,yes,yes,no,no,2,no,furnished
5611588,3732,3,2,2,yes,no,no,no,yes,0,no,semi-furnished
9062410,4238,4,1,2,yes,no,no,no,no,0,no,unfurnished
7956710,2027,4,2,1,yes,no,yes,no,no,0,no,furnished
5194037,4524,4,1,1,yes,no,yes,no,no,2,no,semi-furnished
9489726,3813,4,2,2,yes,yes,yes,no,no,2,no,unfurnished
7909310,7052,4,1,2,no,no,yes,no,no,2,no,semi-furnished
12071721,4489,3,2,1,yes,no,no,no,no,2,yes,furnished
5265549,5615,2,2,2,no,no,no,no,no,2,no,semi-furnished
7638268,3668,4,2,1,yes,no,no,yes,yes,0,yes,semi-furnished
4814637,3060,4,2,2,yes,no,yes,no,yes,0,no,furnished
12567975,723,4,2,1,no,no,no,no,no,2,no,semi-furnished
6065070,3796,2,2,1,yes,no,no,no,no,0,no,semi-furnished
12345012,2076,3,1,2,no,yes,no,no,no,0,no,furnished
6213850,1581,7,1,1,yes,yes,no,no,yes,2,yes,unfurnished
8318936,1938,4,1,2,yes,no,no,no,no,0,no,unfurnished
5666252,2246,2,2,2,yes,no,yes,no,no,2,no,semi-furnished
4939257,4968,3,1,1,no,no,yes,no,no,0,no,furnished
11013576,2184,4,4,2,yes,no,yes,no,no,2,no,unfurnished
3265729,3707,4,2,2,yes,no,yes,no,yes,1,no,unfurnished
6631452,5479,3,2,2,yes,no,no,no,no,0,no,unfurnished
6730682,3422,2,2,2,yes,no,yes,no,no,1,yes,semi-furnished
4691739,1338,3,2,2,yes,yes,yes,no,yes,0,no,unfurnished
8630100,1840,3,2,1,yes,no,yes,no,no,2,no,unfurnished
4932652,5062,3,2,1,yes,no,no,no,yes,0,no,unfurnished
5834172,3646,2,2,3,no,no,yes,no,yes,0,no,semi-furnished
5971215,1760,2,2,2,yes,no,yes,no,yes,2,yes,semi-furnished
11831294,1556,3,2,2,yes,no,no,no,no,0,yes,semi-furnished
6699946,7856,4,2,1,yes,no,yes,no,no,0,no,unfurnished
6247464,4600,2,1,1,yes,no,no,no,no,1,yes,furnished
4263322,3979,3,1,2,yes,no,yes,no,no,2,no,unfurnished
7755248,3644,2,2,3,yes,yes,yes,no,yes,2,yes,furnished
5583173,2043,3,1,1,yes,yes,no,no,no,2,no,furnished
10534311,2678,4,1,2,yes,no,no,no,yes,0,no,semi-furnished
7205405,1016,3,2,3,yes,no,yes,no,no,2,no,semi-furnished
9792468,4987,2,1,1,yes,no,no,no,yes,1,no,semi-furnished
4425855,6855,3,2,1,yes,no,no,no,yes,0,no,unfurnished
7150636,2288,4,1,1,yes,no,yes,no,no,0,no,unfurnished
5909509,2124,2,1,1,yes,no,no,no,yes,0,no,semi-furnished
11448662,2826,7,1,1,yes,no,no,no,yes,2,no,semi-furnished
10729062,1655,2,1,1,no,no,no,no,no,0,no,unfurnished
8144912,4262,4,2,1,yes,no,yes,no,no,0,no,furnished
4434593,4497,4,2,2,yes,yes,no,no,yes,4,yes,unfurnished
8567851,3105,4,2,2,yes,no,yes,no,no,2,yes,unfurnished
6084871,7677,2,2,1,yes,no,yes,no,yes,0,no,semi-furnished
9185612,5877,3,2,3,yes,yes,yes,no,yes,2,no,unfurnished
4489490,1314,3,2,1,yes,no,yes,no,no,1,yes,unfurnished
4546410,4402,3,2,2,yes,no,no,no,no,1,yes,unfurnished
6613212,5664,3,2,2,yes,no,yes,no,no,0,no,semi-furnished
4638810,4872,2,2,1,yes,no,yes,no,no,0,no,unfurnished
7719074,2158,4,2,1,yes,no,no,no,no,0,no,furnished
8015700,3641,3,2,2,yes,no,yes,no,no,0,no,semi-furnished
10237531,2334,3,2,1,yes,no,yes,yes,no,0,no,semi-furnished
6906227,3106,4,1,2,yes,yes,no,no,no,0,no,unfurnished
5419014,3751,3,1,1,yes,no,yes,no,yes,0,no,furnished
4503055,4678,3,2,1,yes,yes,no,no,no,2,no,unfurnished
5331050,4003,6,2,2,no,no,yes,no,no,0,no,unfurnished
6454964,2148,4,2,2,yes,no,no,no,no,0,yes,unfurnished
7518827,3343,2,2,2,yes,yes,no,no,yes,0,no,furnished
3006075,3238,2,2,2,no,yes,yes,no,yes,0,no,semi-furnished
5915330,2637,2,2,2,no,yes,no,no,no,0,yes,furnished
5870346,2907,3,1,1,yes,no,yes,yes,no,0,no,semi-furnished
6264599,2332,3,2,2,yes,yes,no,no,yes,2,yes,unfurnished
5583475,2934,2,2,2,no,no,yes,no,no,1,no,semi-furnished
7058278,3858,3,2,1,no,no,yes,no,yes,2,no,semi-furnished
4706061,807,4,2,1,no,no,no,no,yes,0,no,semi-furnished
9123516,1673,2,1,1,yes,no,yes,no,yes,0,no,unfurnished
7147089,2441,3,1,1,yes,no,no,no,no,0,no,furnished
7956126,1273,4,2,1,no,no,yes,no,no,2,yes,semi-furnished
10115335,2214,2,2,2,yes,no,yes,no,no,0,no,unfurnished
5130515,8038,3,2,2,yes,no,no,no,no,2,no,furnished
5609354,2461,4,2,1,yes,no,yes,no,no,0,no,unfurnished
4288355,3266,4,2,2,no,no,no,no,no,2,yes,furnished
12002598,5039,2,2,2,yes,no,yes,no,no,0,no,unfurnished
7688317,9800,2,2,1,no,no,no,no,yes,0,yes,unfurnished
4265704,2704,2,1,1,yes,no,no,no,yes,2,no,semi-furnished
8574939,5412,4,2,2,yes,no,no,no,no,0,no,semi-furnished
3440696,4091,4,2,1,yes,no,no,no,no,0,yes,unfurnished
7610119,2881,4,2,2,yes,no,no,no,yes,0,yes,unfurnished
5143662,4662,4,1,1,yes,no,no,no,no,2,no,semi-furnished
11374256,866,3,2,2,yes,no,no,yes,no,2,no,semi-furnished
5467272,1399,4,2,2,no,no,yes,no,yes,1,no,semi-furnished
5072411,4198,2,1,2,no,no,no,no,yes,0,no,semi-furnished
3878800,3290,3,2,2,yes,yes,no,no,yes,2,no,furnished
4365767,2831,2,2,2,yes,no,no,no,no,2,no,semi-furnished
11499397,4468,4,2,2,yes,yes,yes,no,no,2,no,furnished
8823136,4398,3,2,2,yes,no,no,no,yes,2,no,unfurnished
8628186,6198,2,2,3,no,no,no,no,yes,0,no,furnished
5477707,2964,3,1,3,yes,no,no,no,no,0,no,unfurnished
7229423,4023,2,2,2,yes,yes,no,no,no,0,no,furnished
4163640,6208,3,2,2,no,no,yes,no,no,0,no,unfurnished
3702534,2783,2,2,1,yes,yes,no,no,no,0,no,unfurnished
9126159,2664,4,2,2,no,no,no,no,no,0,no,furnished
10328489,4563,4,2,1,yes,no,yes,no,no,0,no,unfurnished
13875380,4298,3,2,1,yes,yes,no,yes,no,2,yes,semi-furnished
8089364,7597,3,2,1,yes,no,no,no,no,1,no,semi-furnished
9242789,3112,2,2,2,yes,yes,no,no,no,1,no,unfurnished
11155447,1276,4,1,2,yes,no,yes,no,yes,0,yes,unfurnished
9220125,3396,3,2,2,yes,yes,no,no,no,0,no,unfurnished
6175366,1042,4,2,2,yes,no,yes,no,no,0,yes,unfurnished
5382225,3747,3,2,1,yes,no,no,no,yes,1,no,semi-furnished
12516023,2579,2,2,2,yes,yes,no,no,yes,0,yes,semi-furnished
7646893,3664,4,2,1,no,no,no,no,yes,2,yes,semi-furnished
6479882,1841,3,2,2,yes,no,no,no,yes,0,no,semi-furnished
9272227,713,3,1,2,yes,no,yes,no,no,0,no,furnished
4833030,2391,4,2,2,yes,no,yes,no,no,2,yes,furnished
7277245,5441,2,2,3,yes,no,yes,no,no,0,yes,furnished
5593065,3117,4,2,2,no,yes,yes,no,yes,0,yes,semi-furnished
10771612,4585,4,2,1,yes,yes,no,no,no,0,no,semi-furnished
9001062,2600,3,2,2,yes,yes,yes,no,yes,2,no,unfurnished
3582120,5985,4,2,2,yes,no,no,no,yes,0,no,furnished
9825636,3956,2,1,2,yes,no,no,no,no,0,no,semi-furnished
3671983,3528,2,2,2,yes,no,no,no,no,2,no,unfurnished
10728311,2913,4,2,2,yes,no,yes,no,yes,0,no,semi-furnished
3841888,7026,3,1,4,yes,no,no,no,no,0,no,semi-furnished
4744192,1790,3,1,2,yes,yes,no,no,yes,2,no,semi-furnished
8971029,7996,3,2,2,no,no,no,no,no,0,no,furnished
5370952,2981,3,2,1,yes,no,no,no,no,1,no,semi-furnished
11395452,4836,4,2,2,yes,no,no,no,no,1,yes,semi-furnished
12195658,2956,4,2,2,yes,no,no,no,no,1,no,unfurnished
12235844,5221,2,1,2,yes,no,no,yes,no,0,no,semi-furnished
12087900,3691,4,1,1,yes,no,no,no,no,0,no,semi-furnished
8423318,2444,4,2,1,yes,yes,yes,yes,no,1,no,furnished
5101637,4696,3,2,1,yes,yes,yes,no,no,0,no,semi-furnished
9165569,4860,4,2,2,yes,no,yes,no,yes,0,yes,unfurnished
8007591,2473,2,2,1,yes,no,no,no,yes,0,yes,furnished
5705944,5594,2,2,1,no,no,yes,no,no,0,yes,semi-furnished
3473716,2431,4,1,2,yes,no,no,no,no,2,no,unfurnished
6958695,5857,4,2,1,yes,no,no,no,yes,0,no,semi-furnished
5098641,2467,3,1,2,yes,yes,no,no,no,1,no,furnished
7753164,1861,3,2,2,yes,yes,no,no,yes,2,yes,unfurnished
5739880,5364,4,2,2,yes,no,no,no,no,2,no,semi-furnished
5167873,2165,2,2,2,yes,no,yes,no,no,1,no,semi-furnished
4175133,6733,2,2,2,yes,no,no,yes,no,0,no,unfurnished
5098477,3469,3,2,1,yes,no,no,no,no,0,no,semi-furnished
12183871,4223,3,2,2,yes,no,no,no,no,0,no,furnished
9977700,2196,3,1,2,yes,no,no,no,no,2,no,furnished
11000461,2004,2,2,2,yes,no,no,no,no,2,no,semi-furnished
10037786,4609,3,2,2,no,no,no,no,yes,2,yes,unfurnished
5715673,3593,4,1,1,yes,no,yes,no,no,0,no,semi-furnished
7334957,5419,3,2,1,yes,no,no,no,no,2,no,semi-furnished
8982086,3147,2,1,1,yes,no,yes,no,yes,0,no,furnished
5826411,2980,3,2,2,no,no,no,no,no,0,no,furnished
5660298,1484,3,2,2,yes,no,no,no,no,2,no,semi-furnished
5629747,2442,2,2,2,no,no,no,no,no,1,no,unfurnished
6045825,7374,3,1,1,yes,yes,yes,no,no,0,no,semi-furnished
6483774,2645,3,2,2,yes,yes,no,no,no,0,no,semi-furnished
5760919,2839,4,2,1,yes,no,yes,yes,no,2,no,semi-furnished
9658970,2682,2,2,2,no,yes,no,no,yes,2,no,semi-furnished
9999475,2586,4,2,2,yes,yes,no,no,no,1,no,semi-furnished
8263120,2950,4,2,1,no,no,yes,no,no,0,no,furnished
8333189,2858,3,2,2,yes,yes,no,no,yes,2,no,semi-furnished
8118004,8739,2,2,2,yes,yes,yes,no,yes,2,no,semi-furnished
4811838,2789,3,2,1,no,no,no,yes,no,0,no,unfurnished
7802093,4122,4,2,2,yes,yes,no,no,no,2,no,unfurnished
4930865,11752,4,2,1,yes,no,no,no,no,1,no,unfurnished
6619377,1773,2,1,2,yes,no,no,no,no,0,yes,semi-furnished
5447368,2706,4,2,1,yes,yes,yes,no,yes,2,no,unfurnished
5019957,4130,2,2,2,yes,no,no,no,no,0,no,semi-furnished
3723248,2331,3,2,2,yes,no,yes,no,yes,0,no,furnished
5991272,6890,3,1,1,yes,no,no,no,no,1,no,semi-furnished
9807585,3182,4,2,1,yes,no,yes,no,yes,2,no,unfurnished
5651731,3358,4,1,1,yes,no,no,yes,no,1,no,unfurnished
5093100,4610,3,2,1,yes,yes,yes,no,no,2,no,semi-furnished
9789490,3644,2,2,2,yes,yes,no,no,no,2,no,unfurnished
11189863,3340,3,2,4,yes,no,no,no,yes,0,no,unfurnished
5095473,7544,3,2,2,yes,yes,yes,no,yes,0,no,unfurnished
6225130,3140,3,2,1,yes,no,no,no,no,0,no,semi-furnished
3015334,2579,4,1,2,yes,no,no,no,yes,0,no,furnished
5095776,5255,2,2,2,yes,no,no,yes,yes,1,no,semi-furnished
4213213,5001,4,1,2,yes,no,no,no,yes,2,no,semi-furnished
5887759,2370,3,1,2,yes,no,yes,no,no,1,yes,semi-furnished
6944274,1815,4,1,2,yes,no,no,no,yes,0,no,furnished
7870372,1467,4,2,2,no,no,no,no,no,2,no,semi-furnished
6927592,5894,3,1,2,yes,no,yes,no,yes,3,no,furnished
6424735,4361,4,2,1,yes,yes,no,no,yes,2,no,semi-furnished
4078715,2941,3,2,2,yes,no,yes,no,yes,1,no,semi-furnished
5392400,4417,3,2,1,yes,no,no,no,no,2,no,semi-furnished
3583544,5678,3,1,2,yes,yes,yes,no,no,2,yes,unfurnished
7807966,4987,3,2,2,yes,no,yes,no,no,2,no,semi-furnished
6978187,2593,4,2,2,yes,yes,no,no,yes,0,yes,semi-furnished
13196797,1947,3,1,2,yes,yes,yes,no,yes,0,yes,unfurnished
5273932,4002,3,2,1,no,no,no,no,no,0,no,unfurnished
6386788,1495,2,1,1,yes,no,yes,no,yes,0,no,semi-furnished
7500252,6924,4,2,2,yes,yes,no,no,yes,1,no,unfurnished
5550766,2608,4,2,2,yes,yes,yes,no,no,0,no,unfurnished
7334750,3275,4,1,1,yes,no,no,no,yes,0,no,semi-furnished
9166665,4672,3,2,1,yes,no,no,no,yes,1,yes,unfurnished
5928871,1878,4,1,1,yes,no,no,no,yes,0,no,semi-furnished
8333227,4688,4,2,1,yes,no,no,no,no,2,no,furnished
10376907,5899,4,1,2,yes,no,no,no,yes,0,no,unfurnished
6996189,7815,3,2,2,yes,no,no,no,no,2,no,furnished
8517025,6385,4,2,2,yes,yes,no,no,yes,0,no,furnished
5218506,3035,4,2,1,yes,no,yes,yes,no,0,yes,furnished
9900520,6590,4,2,2,yes,yes,no,no,yes,0,no,unfurnished
4770243,2413,3,2,1,yes,no,no,no,no,0,no,unfurnished
4886489,3344,3,2,2,yes,no,no,no,yes,2,no,semi-furnished
9297577,4356,2,1,3,no,no,yes,no,no,2,no,semi-furnished
11276881,2091,4,2,1,yes,no,no,yes,no,1,no,semi-furnished
8294022,5081,2,2,1,no,yes,no,no,no,0,no,semi-furnished
4045004,3660,4,2,2,yes,no,yes,no,yes,1,no,furnished
9209198,3598,2,1,2,yes,no,no,no,no,0,no,unfurnished
4790246,8285,3,2,1,no,no,no,no,no,0,no,semi-furnished
9119274,2805,2,2,1,no,no,no,yes,yes,2,no,unfurnished
5676347,1745,4,2,2,yes,yes,no,no,no,2,yes,semi-furnished
6748986,2388,3,2,2,yes,no,yes,no,yes,0,yes,furnished
6999657,3702,4,1,2,yes,no,no,no,no,2,no,semi-furnished
12355197,1350,3,2,2,yes,no,yes,yes,yes,2,no,semi-furnished
2839258,4671,4,2,1,yes,yes,no,no,yes,2,yes,semi-furnished
4420329,2867,4,2,1,yes,no,yes,no,no,2,no,semi-furnished
3809278,5367,3,2,1,yes,no,no,no,no,0,no,semi-furnished
3662436,4720,2,2,1,no,no,no,no,no,1,no,semi-furnished
4888180,3431,4,2,1,yes,no,yes,no,yes,0,no,semi-furnished
5414349,8308,3,1,2,yes,yes,no,no,yes,1,no,semi-furnished
4325248,5179,2,2,2,no,no,no,no,no,0,no,unfurnished
6496314,3514,2,1,2,no,no,no,no,yes,2,no,furnished
7347232,4515,3,2,2,yes,no,no,no,yes,0,no,furnished
5377099,5358,3,2,2,yes,no,yes,no,no,2,yes,unfurnished
3940048,2030,2,2,2,yes,yes,no,yes,no,2,no,semi-furnished
4833612,3755,2,2,2,yes,yes,yes,no,no,2,no,unfurnished
4819825,2287,3,1,2,yes,no,yes,no,no,1,no,semi-furnished
9736391,5376,3,2,1,yes,no,yes,no,yes,1,no,unfurnished
4277692,5096,2,2,2,yes,no,yes,no,no,0,no,semi-furnished
8905267,1558,3,2,1,yes,no,yes,no,yes,2,no,semi-furnished
9306022,2571,4,1,2,yes,no,no,no,no,0,no,semi-furnished
5685756,4147,3,1,1,no,yes,yes,no,no,2,no,semi-furnished
5476828,3805,4,1,2,yes,no,yes,no,no,1,yes,unfurnished
8058367,3148,4,2,1,yes,yes,yes,no,yes,2,no,unfurnished
4684125,2807,3,2,1,yes,no,yes,no,no,2,no,semi-furnished
5228339,2374,3,2,2,yes,no,yes,no,no,2,no,semi-furnished
8633438,6173,3,1,3,yes,no,no,no,no,0,yes,unfurnished
8875452,1837,3,2,2,yes,no,no,no,yes,0,no,unfurnished
6192500,3575,3,2,2,yes,no,no,no,yes,0,no,unfurnished
8257240,2037,2,2,2,yes,no,yes,no,no,0,no,semi-furnished
10921702,5559,3,2,1,yes,no,yes,no,no,2,yes,unfurnished
8514615,2889,3,2,2,yes,no,yes,yes,no,2,no,furnished
8801126,2286,3,2,2,yes,no,yes,no,no,1,no,unfurnished
7826070,2138,4,2,2,yes,no,no,yes,no,2,no,semi-furnished
8771845,5655,3,2,2,no,no,no,no,yes,1,yes,semi-furnished
11818882,3618,4,2,2,yes,yes,yes,no,yes,2,no,semi-furnished
9480858,7446,2,2,2,yes,no,yes,no,no,1,no,unfurnished
11140939,2085,4,2,1,no,no,no,no,yes,0,yes,semi-furnished
7828299,2533,3,2,2,yes,no,yes,no,yes,0,no,unfurnished
7985318,4276,2,1,1,yes,no,no,no,no,1,no,furnished
8125675,2871,3,1,1,no,no,yes,no,no,0,no,furnished
4118679,4801,3,1,2,yes,no,no,no,no,0,no,furnished
6113417,2124,4,2,1,yes,yes,no,no,no,0,yes,semi-furnished
3268486,4770,3,1,2,yes,no,yes,no,no,0,no,furnished
4988098,2787,2,1,1,yes,no,yes,no,yes,0,no,semi-furnished
4745058,2450,2,2,1,yes,yes,yes,yes,no,0,no,unfurnished
5109301,2810,4,1,1,no,no,no,no,no,0,no,furnished
3806670,4729,4,1,1,yes,no,yes,yes,no,2,no,semi-furnished
8225934,7430,4,2,1,yes,yes,yes,no,no,2,no,furnished
6279233,1748,4,3,1,yes,no,no,no,yes,2,no,semi-furnished
11635149,2811,4,2,1,no,no,no,no,no,0,no,semi-furnished
8997249,4424,4,1,2,yes,yes,no,no,no,2,no,unfurnished
14306470,5115,2,1,2,yes,no,no,no,yes,1,no,furnished
11070436,5616,4,1,2,yes,no,no,no,no,0,no,semi-furnished
9827803,5928,4,2,3,yes,no,yes,no,no,0,no,unfurnished
7177344,3279,4,2,1,yes,no,yes,no,no,0,no,furnished
7405220,5651,3,2,2,no,no,yes,no,no,0,no,furnished
7247052,2696,4,2,2,no,no,yes,no,no,2,yes,furnished
5936070,2919,2,2,2,yes,no,no,no,no,2,no,furnished
9966003,4353,2,1,2,no,no,no,no,no,1,no,furnished
1892974,3578,4,1,2,yes,no,yes,no,no,0,no,semi-furnished
6140704,1834,4,1,1,yes,no,yes,no,yes,0,no,unfurnished
9079259,4368,4,2,2,yes,no,yes,no,no,0,yes,unfurnished
7456747,5350,4,1,1,yes,yes,yes,no,yes,0,yes,furnished
5169723,3721,2,2,1,yes,yes,no,no,no,0,no,semi-furnished
6628088,3630,2,1,2,yes,yes,no,no,no,0,yes,unfurnished
6051454,2104,3,2,2,yes,no,yes,no,yes,0,no,furnished
9693781,3659,3,2,2,no,yes,yes,yes,no,0,yes,unfurnished
6243482,6129,2,2,2,yes,no,no,no,yes,0,no,semi-furnished
8622862,4950,3,1,2,yes,yes,no,no,no,0,no,unfurnished
4435237,3423,4,2,2,yes,no,yes,no,yes,0,no,unfurnished
6950084,3250,4,1,2,yes,no,yes,no,no,2,no,furnished
6496732,2582,4,2,2,yes,no,no,no,no,2,no,semi-furnished
8024238,5130,2,2,1,yes,no,yes,no,no,2,no,unfurnished
5513175,3420,4,2,1,yes,no,no,no,no,1,no,semi-furnished
5822827,5607,4,2,1,yes,no,no,no,no,1,no,semi-furnished
5125980,3606,4,2,1,no,no,yes,no,yes,0,no,furnished
5724239,5250,4,2,2,yes,no,yes,no,no,2,yes,furnished
5919444,6777,2,2,1,no,no,yes,no,no,1,no,semi-furnished
5681381,5603,3,2,1,yes,yes,yes,no,no,2,no,semi-furnished
11192311,1814,4,2,1,yes,no,yes,no,no,0,no,unfurnished
4568666,5497,2,1,2,yes,no,yes,no,yes,0,no,semi-furnished
4443824,4407,3,1,1,yes,no,no,no,no,2,no,unfurnished
6125716,2062,3,1,1,yes,no,no,no,yes,2,no,semi-furnished
5252487,2461,4,2,2,yes,no,yes,no,no,1,no,unfurnished
5265300,3648,3,1,2,no,no,no,no,no,0,yes,furnished
6111623,2897,3,1,2,yes,no,yes,no,yes,0,no,semi-furnished
9619244,1595,4,2,2,no,no,no,no,no,1,no,furnished
7488672,1189,3,1,1,yes,yes,no,no,no,2,no,furnished
6996290,2282,3,2,2,yes,no,no,no,yes,0,yes,furnished
9134645,3030,3,2,1,yes,no,yes,no,no,2,no,semi-furnished
7575924,7219,2,1,1,yes,no,no,no,no,2,no,furnished
12558836,1559,3,2,1,yes,no,yes,no,no,0,no,unfurnished
4652421,5399,3,2,1,yes,no,yes,yes,no,2,no,semi-furnished
6436538,3248,2,2,2,yes,no,no,no,yes,0,no,semi-furnished
5193836,4395,3,2,2,yes,no,no,no,no,2,yes,unfurnished
6836026,3837,2,2,2,yes,no,no,no,no,2,no,unfurnished
8000447,1706,2,2,1,no,no,no,no,no,0,no,furnished
5660982,5765,4,2,1,yes,no,no,no,no,1,no,unfurnished
10388253,1498,3,4,2,yes,no,no,no,no,1,yes,semi-furnished
4621126,2652,3,2,2,yes,no,no,no,yes,2,no,semi-furnished
3397145,2253,4,1,2,yes,no,yes,no,yes,0,yes,unfurnished
5363896,4137,2,2,1,yes,yes,no,no,no,0,no,unfurnished
11367835,2646,2,2,1,yes,no,yes,no,no,2,no,furnished
9772222,7099,2,1,1,yes,no,yes,no,yes,2,no,unfurnished
10287770,4614,4,1,2,yes,no,yes,no,yes,2,yes,unfurnished
5645309,5937,3,2,1,yes,no,no,no,no,0,yes,furnished
5298318,3785,3,2,1,yes,no,no,no,no,2,no,furnished
3908373,5398,3,1,1,yes,no,no,no,no,0,yes,unfurnished
6559838,2477,4,1,2,yes,no,yes,no,yes,1,yes,furnished
8066102,4534,2,1,2,yes,no,no,no,no,2,no,semi-furnished
3830274,2387,3,2,1,yes,yes,no,no,no,1,no,unfurnished
4365469,4350,2,2,1,yes,no,no,no,no,0,no,unfurnished
6138656,2726,4,2,2,yes,no,yes,no,yes,0,no,unfurnished
5364883,4940,2,1,1,yes,no,no,no,yes,2,no,furnished
5748344,4807,3,2,1,yes,no,yes,no,no,0,no,unfurnished
6920382,3432,3,1,1,yes,no,yes,no,no,1,no,semi-furnished
6879013,1839,4,2,2,yes,no,yes,no,no,2,no,unfurnished
8871409,3160,3,2,1,yes,no,no,no,yes,0,no,unfurnished
8723751,4611,3,2,1,no,no,no,no,yes,0,no,semi-furnished
8026530,4737,7,2,1,yes,yes,no,no,yes,2,no,furnished
10591419,10459,4,2,1,yes,yes,no,no,yes,1,no,unfurnished
5192694,6621,4,2,1,yes,no,no,no,no,0,no,unfurnished
5502686,4306,4,1,2,no,no,yes,no,no,2,yes,unfurnished
11955601,4565,3,2,2,no,no,no,no,yes,0,no,furnished
4239041,3951,4,1,1,yes,no,no,no,no,0,no,furnished
8228091,3658,2,1,1,yes,no,yes,no,yes,2,no,furnished
8064472,1998,3,2,2,no,no,yes,no,no,2,no,furnished
5492257,3353,4,2,2,yes,no,yes,no,no,2,no,semi-furnished
6176112,3230,4,1,2,yes,no,yes,no,no,0,no,furnished
3341489,5783,4,2,1,no,yes,no,no,yes,2,no,furnished
8561134,2738,3,2,1,yes,no,no,no,no,0,yes,unfurnished
5289581,2808,2,2,2,yes,no,no,no,yes,0,yes,unfurnished
5297819,7299,3,2,2,yes,no,yes,no,yes,0,no,semi-furnished
11226248,3479,3,2,2,no,yes,no,no,no,0,no,semi-furnished
6523791,2574,4,1,2,yes,no,no,no,yes,2,yes,unfurnished
7836107,5912,4,2,1,yes,no,no,yes,no,1,no,semi-furnished
16045359,3551,3,1,1,yes,no,yes,yes,yes,0,no,unfurnished
6222341,6974,3,3,1,yes,no,yes,no,no,0,no,unfurnished
10069790,3710,4,2,2,yes,yes,no,no,no,2,yes,semi-furnished
4308848,4041,2,1,2,yes,no,no,no,no,0,yes,unfurnished
4734698,5771,3,2,2,yes,no,yes,no,no,2,yes,furnished
6322945,5378,3,2,1,yes,no,no,no,yes,0,no,semi-furnished
6169432,2425,4,2,1,yes,no,no,no,no,1,yes,unfurnished
10645779,4839,2,1,1,yes,yes,no,no,yes,2,no,semi-furnished
9209557,6195,3,2,1,yes,no,no,no,no,1,no,semi-furnished
7414951,4871,3,1,1,no,no,no,no,yes,0,no,unfurnished
9929744,4812,4,1,1,yes,no,yes,no,no,0,no,furnished
12118571,4477,2,1,2,yes,yes,yes,no,no,0,no,semi-furnished
7734633,2029,3,2,2,yes,no,yes,yes,yes,1,no,unfurnished
10145891,9642,3,2,3,yes,no,yes,no,no,0,no,semi-furnished
8748481,3963,2,2,2,no,no,yes,no,yes,1,yes,semi-furnished
4858640,2912,4,1,1,yes,no,yes,no,no,1,no,furnished
7559137,1779,2,2,1,no,no,no,no,yes,0,no,semi-furnished
3692898,2924,3,2,2,yes,no,yes,yes,no,2,yes,furnished
5196346,2162,4,2,1,yes,no,no,yes,no,0,no,unfurnished
8282933,4750,3,2,1,yes,no,yes,no,yes,2,yes,semi-furnished
4031778,2709,2,2,2,yes,no,yes,no,no,0,no,unfurnished
5012804,3267,2,2,1,yes,no,no,no,yes,0,no,unfurnished
4338117,3630,4,1,1,yes,no,yes,no,yes,1,no,semi-furnished
4850831,2471,4,1,1,yes,yes,yes,no,no,0,no,semi-furnished
11790022,4739,2,2,2,yes,no,yes,no,no,2,no,unfurnished
6933667,7260,2,2,2,yes,no,no,no,no,0,yes,unfurnished
10396580,5803,4,2,1,no,no,yes,no,yes,2,no,unfurnished
5079098,3336,4,2,3,yes,no,yes,no,no,0,no,unfurnished
4667998,4268,3,1,2,yes,no,no,no,yes,0,no,unfurnished
5529932,2542,2,2,1,yes,yes,yes,no,no,2,no,unfurnished
5432330,1781,2,1,1,yes,no,yes,yes,yes,0,no,furnished
8890049,4531,3,2,1,yes,no,yes,no,no,0,no,semi-furnished
4754388,4288,4,2,2,yes,no,yes,no,yes,2,no,semi-furnished
8482188,4865,4,2,2,yes,no,no,yes,no,1,no,semi-furnished
2070109,2332,4,2,2,no,no,no,yes,no,2,no,furnished
5833128,1823,2,2,2,yes,yes,yes,no,no,2,no,semi-furnished
4869713,-488,2,1,2,yes,no,no,no,yes,0,no,furnished
5153838,1650,2,2,1,yes,no,no,no,no,2,yes,furnished
8496902,7314,2,2,2,no,no,yes,no,no,0,no,furnished
7079657,1798,4,1,3,yes,no,yes,no,yes,4,no,furnished
4364501,4895,3,2,1,yes,no,yes,no,no,0,yes,furnished
5720065,2573,3,2,1,no,no,no,no,no,0,no,unfurnished
4278681,2443,4,2,2,no,no,yes,no,no,0,no,semi-furnished
5281247,3306,3,1,2,yes,no,no,no,yes,2,yes,furnished
7062359,2940,2,2,1,no,no,no,no,yes,0,no,unfurnished
12039938,3079,3,2,2,yes,no,yes,no,no,0,no,unfurnished
5361920,2835,4,2,2,yes,yes,no,no,no,2,no,unfurnished
7669525,2555,3,2,1,yes,no,no,no,no,0,no,semi-furnished
11650156,2813,4,2,1,yes,no,yes,no,no,0,no,semi-furnished
7781558,3757,3,1,2,yes,no,no,no,no,2,no,furnished
12867842,3645,3,2,1,yes,no,no,no,no,2,no,semi-furnished
6348172,4348,4,2,1,yes,yes,no,no,yes,0,no,semi-furnished
2610185,5242,4,2,2,yes,no,yes,no,no,0,no,unfurnished
8132212,3504,4,2,1,yes,no,no,no,yes,0,yes,semi-furnished
12247896,3347,2,2,1,no,no,yes,no,no,1,no,furnished
11874671,2355,4,2,1,no,no,no,no,yes,1,no,semi-furnished
13141866,3279,7,2,2,yes,no,no,no,yes,0,no,unfurnished
11198325,5263,3,2,1,no,no,yes,no,no,0,no,semi-furnished
9808701,6137,2,1,1,yes,no,yes,no,yes,0,no,semi-furnished
10656366,1522,3,2,2,no,no,yes,no,no,0,no,unfurnished
6031439,5958,3,2,1,yes,no,no,no,yes,1,yes,furnished
16917325,8601,2,2,2,no,no,no,no,yes,0,no,semi-furnished
10189966,1202,4,2,2,no,yes,yes,yes,no,0,no,furnished
6546249,6820,4,2,3,yes,no,no,no,yes,0,yes,unfurnished
9037291,1824,7,2,1,no,no,yes,no,yes,0,no,semi-furnished
10778389,6223,2,2,2,yes,yes,no,no,no,0,yes,semi-furnished
10339425,1924,2,2,1,yes,no,no,no,no,0,no,furnished
11392788,1809,3,1,2,yes,no,yes,no,yes,0,no,unfurnished
5406464,3882,2,2,2,no,no,yes,no,no,0,no,semi-furnished
11278543,4383,4,1,2,yes,no,yes,no,yes,0,no,semi-furnished
8244689,1949,4,1,2,yes,yes,no,no,no,0,no,semi-furnished
4814612,5752,3,1,2,yes,no,yes,no,no,0,no,unfurnished
7207839,6166,4,2,2,yes,no,yes,no,yes,0,no,semi-furnished
4574045,3335,3,2,2,yes,no,yes,no,yes,0,yes,furnished
7263257,3711,2,2,2,no,yes,yes,no,yes,2,no,semi-furnished
5621326,2264,3,2,2,yes,yes,no,no,no,1,no,semi-furnished
3751429,1457,3,2,2,yes,no,no,no,no,2,no,semi-furnished
5551315,7410,3,2,1,yes,no,no,no,yes,1,no,semi-furnished
12546205,2818,4,2,3,yes,yes,no,no,no,0,no,semi-furnished
11774423,4482,4,1,2,yes,no,no,no,no,2,no,semi-furnished
5469847,3237,4,1,2,yes,no,yes,no,no,0,no,semi-furnished
6082082,8875,2,2,1,no,no,yes,no,no,2,no,unfurnished
8575184,3081,3,2,2,yes,no,no,yes,yes,0,no,unfurnished
8927519,2016,3,2,1,yes,no,no,no,yes,0,yes,semi-furnished
3244319,3698,3,2,1,yes,yes,yes,yes,yes,0,no,furnished
5790373,5887,4,2,2,yes,no,no,no,no,2,no,semi-furnished
9959774,2744,4,2,2,yes,no,no,no,no,2,no,furnished
4523631,5248,3,2,3,yes,yes,no,no,no,0,no,unfurnished
9041506,8417,3,2,1,no,yes,yes,no,yes,2,no,semi-furnished
4090601,1865,4,1,1,yes,no,yes,no,no,0,no,semi-furnished
10766402,1408,3,2,1,yes,no,no,no,yes,0,no,semi-furnished
5210631,368,3,2,3,no,no,no,yes,no,0,no,semi-furnished
4032450,7233,4,2,1,yes,no,no,no,no,0,no,unfurnished
5269598,8088,4,2,1,yes,no,yes,no,no,0,yes,unfurnished
5678501,2642,4,2,2,yes,no,yes,no,no,2,no,semi-furnished
4263148,3053,2,2,2,no,no,no,no,no,2,no,semi-furnished
10265213,2272,2,2,2,yes,no,no,no,yes,0,no,unfurnished
10532873,4239,3,2,2,yes,no,yes,no,no,2,no,semi-furnished
7116051,2483,4,2,2,yes,no,yes,no,yes,0,yes,semi-furnished
10599042,4135,4,2,1,yes,no,no,no,no,0,no,semi-furnished
11018693,2139,4,1,1,yes,no,no,no,no,2,no,furnished
8655848,1215,3,2,2,no,no,yes,no,yes,0,no,unfurnished
3073331,4173,4,2,1,yes,no,no,no,no,0,yes,unfurnished
10826327,7500,4,2,2,no,no,no,no,yes,1,no,semi-furnished
10042392,3267,3,2,1,yes,no,no,no,no,0,no,unfurnished
4600308,2636,3,2,1,yes,no,yes,no,no,2,yes,semi-furnished
5522481,7422,4,1,1,yes,yes,no,no,no,0,no,semi-furnished
5776834,2577,2,1,2,yes,no,yes,no,no,1,yes,semi-furnished
6272660,4070,7,1,3,yes,yes,no,no,yes,0,no,semi-furnished
7482325,4512,2,2,1,yes,no,no,no,no,0,no,unfurnished
4240317,3718,3,2,2,no,no,no,no,no,0,yes,unfurnished
10805118,2485,4,2,1,yes,no,yes,no,no,1,no,furnished
7993429,4756,3,2,1,no,yes,yes,no,yes,0,no,furnished
6152647,6666,4,1,2,yes,no,no,no,yes,0,no,furnished
5078570,2262,3,1,1,yes,no,no,no,yes,0,no,unfurnished
4024467,3547,2,2,2,yes,no,yes,no,no,3,no,semi-furnished
4117140,3209,2,1,1,yes,yes,yes,no,no,0,no,semi-furnished
6510440,3606,2,2,2,yes,no,no,no,no,0,yes,unfurnished
9725573,3714,4,1,1,yes,no,no,no,no,0,no,unfurnished
12233086,2969,4,1,2,yes,no,no,no,no,0,no,unfurnished
5488165,4127,2,2,2,yes,no,yes,no,yes,0,no,semi-furnished
11632028,2029,2,2,2,yes,no,yes,no,yes,0,yes,semi-furnished
3395788,2224,3,2,2,yes,no,no,no,no,0,no,furnished
4903812,3737,3,1,2,yes,yes,no,no,no,2,yes,furnished
8061931,1125,2,2,2,yes,no,no,no,no,0,no,semi-furnished
5922477,2593,2,1,3,yes,no,no,no,no,0,no,semi-furnished
6071450,964,4,1,1,yes,no,yes,yes,no,0,yes,semi-furnished
6420916,4723,4,2,1,yes,yes,no,no,yes,2,no,semi-furnished
3806565,1429,4,1,2,yes,yes,yes,no,no,0,no,unfurnished
7089942,4637,4,1,1,yes,no,no,no,no,0,no,semi-furnished
9319428,2891,2,2,2,yes,yes,no,no,no,2,yes,unfurnished
7262140,4891,3,2,2,yes,no,no,no,no,0,no,furnished
8572329,3458,2,1,1,yes,no,yes,no,no,1,no,semi-furnished
7700433,8223,2,2,2,yes,no,no,no,no,1,no,semi-furnished
4648535,3449,2,2,3,yes,no,yes,no,yes,2,no,unfurnished
4899718,5527,2,2,1,yes,no,yes,no,yes,1,no,unfurnished
8243633,4313,4,2,2,yes,no,no,no,yes,0,yes,semi-furnished
3841377,5385,2,2,1,yes,no,no,no,no,2,no,unfurnished
6350021,4039,4,1,1,yes,no,no,no,no,2,no,unfurnished
6096070,971,2,2,1,yes,no,no,no,no,0,no,semi-furnished
7799303,3940,4,2,1,no,no,yes,yes,no,0,no,unfurnished
7252370,6454,3,2,2,yes,yes,yes,no,yes,1,no,semi-furnished
8148400,3284,2,1,2,yes,no,no,no,no,0,no,semi-furnished
13056354,6978,4,2,2,yes,no,no,no,no,2,no,semi-furnished
8638961,3644,2,2,2,yes,no,no,no,no,2,no,unfurnished
5001887,3895,3,2,1,no,no,yes,yes,no,0,yes,furnished
3891451,7311,2,2,2,no,yes,yes,no,no,0,yes,unfurnished
10678803,1528,3,2,2,yes,yes,yes,no,no,0,yes,semi-furnished
12560241,3499,4,2,3,yes,no,no,no,no,2,no,semi-furnished
12569175,3537,4,2,1,yes,yes,yes,yes,no,1,no,unfurnished
5662790,2979,3,1,2,yes,no,no,no,no,2,no,furnished
6063689,2082,4,1,1,yes,no,yes,no,no,1,no,semi-furnished
4606447,3396,2,1,1,yes,no,no,no,yes,0,no,semi-furnished
9309594,1806,4,1,2,yes,no,no,no,yes,1,yes,furnished
5842654,2869,4,1,1,yes,no,no,no,no,2,no,semi-furnished
11302686,4164,4,2,1,yes,no,yes,no,no,1,no,semi-furnished
9693952,4898,2,2,2,yes,no,no,no,yes,0,no,furnished
12917689,2486,2,2,3,yes,yes,no,yes,no,1,no,unfurnished
5456187,3731,3,2,2,yes,no,no,yes,no,2,yes,furnished
3944407,4450,2,1,2,yes,no,no,no,yes,0,yes,unfurnished
8960433,4484,4,2,2,yes,no,yes,no,yes,0,no,unfurnished
8977747,1816,2,1,1,yes,no,no,no,no,2,no,semi-furnished
6995503,3090,2,2,1,yes,no,no,no,yes,0,yes,unfurnished
7580395,5537,4,1,1,yes,no,no,yes,no,1,no,furnished
3527456,3678,3,2,1,yes,no,no,no,no,2,no,semi-furnished
5349171,2647,2,2,2,yes,no,no,no,no,0,no,furnished
4101980,3119,2,2,2,no,no,no,no,no,0,no,unfurnished
10002062,6327,2,2,1,yes,no,yes,no,yes,0,no,semi-furnished
8598275,4272,4,2,2,no,no,no,no,yes,0,no,semi-furnished
7096102,6955,3,2,2,yes,yes,no,no,yes,0,yes,semi-furnished
11258678,3611,3,1,1,yes,no,no,no,yes,0,no,semi-furnished
9860158,2543,2,2,2,yes,no,no,no,yes,0,no,furnished
5642538,2344,2,2,2,yes,yes,yes,no,yes,1,no,semi-furnished
5764709,2659,4,1,2,yes,no,no,yes,yes,2,no,semi-furnished
9312903,1483,2,2,2,yes,no,no,no,yes,0,no,unfurnished
5879049,2247,3,2,2,yes,no,no,no,yes,2,no,furnished
7586424,3221,3,1,1,no,no,no,no,no,2,no,semi-furnished
10376439,4104,4,1,2,no,no,yes,no,yes,0,no,unfurnished
10165985,3043,4,1,1,yes,yes,yes,no,no,2,no,unfurnished
5751645,2529,3,1,2,yes,no,no,no,no,1,no,semi-furnished
5109861,6036,6,1,2,yes,no,no,no,yes,2,no,semi-furnished
11974323,2309,2,1,3,yes,no,no,no,yes,1,no,furnished
10651173,3270,4,2,2,yes,no,yes,no,yes,2,no,furnished
7224961,3709,2,1,1,yes,no,no,no,no,0,no,unfurnished
5065484,5388,4,2,2,yes,no,yes,no,no,2,no,furnished
7249239,5130,3,1,2,yes,no,yes,no,no,2,no,furnished
3046442,5474,2,1,2,yes,no,no,yes,no,2,no,semi-furnished
8182240,6169,3,1,2,no,no,no,no,no,2,no,unfurnished
7224611,6872,3,2,2,yes,no,yes,no,no,0,no,unfurnished
6242063,2488,4,2,3,yes,yes,yes,no,no,0,no,semi-furnished
9544484,9929,4,1,1,yes,no,yes,no,yes,2,no,unfurnished
5221775,4611,3,2,2,no,no,no,no,no,1,no,unfurnished
4956585,3967,3,2,4,yes,no,no,yes,no,0,no,semi-furnished
5471251,2527,3,2,2,yes,no,yes,no,no,0,no,unfurnished
5852655,2465,2,2,1,yes,yes,yes,no,no,2,no,unfurnished
5059508,5352,4,2,2,yes,no,no,no,no,0,yes,semi-furnished
9788564,4813,2,2,2,yes,no,no,no,yes,1,no,semi-furnished
6509298,8429,3,1,2,yes,no,yes,no,yes,0,no,furnished
6997076,3436,2,2,2,yes,no,yes,no,yes,2,no,unfurnished
11613736,3108,2,2,2,yes,no,yes,no,no,2,no,semi-furnished
5319584,4974,2,2,2,yes,no,yes,yes,no,1,no,unfurnished
5900074,5276,2,2,1,yes,no,no,no,no,0,no,unfurnished
4955423,4919,2,2,1,yes,no,yes,no,no,0,no,semi-furnished
7887216,5200,4,2,2,yes,yes,no,no,no,0,no,unfurnished
3593248,2325,4,2,2,yes,no,yes,no,no,2,no,unfurnished
4886196,3515,2,2,2,yes,no,yes,no,yes,2,no,semi-furnished
12210778,2642,3,2,2,yes,yes,no,no,no,2,no,semi-furnished
4636230,6330,2,2,2,yes,yes,yes,no,no,0,no,semi-furnished
6102766,5066,3,2,2,yes,no,no,no,yes,2,yes,semi-furnished
8286860,6335,2,1,1,yes,no,yes,no,no,0,no,unfurnished
6378649,4133,4,2,2,yes,yes,no,no,yes,0,yes,semi-furnished
7733174,6597,2,2,2,yes,no,no,no,no,2,no,furnished
6410690,-1513,4,1,1,yes,no,yes,no,no,2,no,semi-furnished
9936929,1120,7,1,1,yes,no,no,no,yes,2,no,furnished
4647198,5083,2,2,1,yes,no,yes,no,no,2,no,furnished
8462077,4765,2,2,2,yes,no,no,no,no,0,no,semi-furnished
10311150,1948,3,1,2,no,no,no,no,yes,0,no,semi-furnished
4457958,3954,4,2,1,yes,yes,yes,no,yes,0,yes,semi-furnished
10402361,4011,2,2,2,yes,no,yes,no,yes,0,no,furnished
9494014,6132,4,1,2,yes,no,no,no,yes,1,no,furnished
3391391,3795,3,1,2,yes,no,yes,no,no,0,no,unfurnished
5953106,493,2,2,2,yes,no,no,no,yes,0,yes,unfurnished
8692650,4280,4,1,2,yes,no,no,no,no,2,no,furnished
8601331,3785,4,2,1,yes,yes,yes,no,no,1,no,furnished
5749879,5755,2,2,2,yes,no,yes,no,no,0,no,semi-furnished
10747100,3214,4,2,2,yes,yes,no,no,no,0,no,unfurnished
9200683,3498,2,2,1,yes,no,no,no,no,0,no,unfurnished
4954991,4464,2,2,2,yes,no,no,no,no,1,no,unfurnished
6933988,2791,4,2,2,yes,no,no,no,no,2,yes,furnished
3579780,5410,4,2,2,no,no,no,no,yes,2,no,semi-furnished
3675868,777,4,2,2,yes,no,no,no,yes,0,yes,semi-furnished
3113460,4788,3,2,1,yes,no,no,no,yes,1,yes,unfurnished
4599326,1302,4,2,1,yes,no,no,no,yes,1,yes,furnished
7535437,4582,4,2,2,no,no,no,no,yes,0,no,furnished
6409000,2431,2,2,1,yes,yes,no,no,yes,2,no,unfurnished
9923093,8612,4,2,2,yes,yes,yes,yes,no,5,no,semi-furnished
8495144,3046,3,2,2,yes,no,yes,no,yes,0,yes,unfurnished
10518404,9618,4,2,1,no,yes,no,no,no,1,no,semi-furnished
9034510,6877,2,1,2,yes,yes,no,no,yes,0,no,furnished
5966113,6584,4,1,2,no,no,no,no,no,2,no,unfurnished
8105574,2459,2,1,2,yes,no,yes,no,no,2,yes,furnished
11309146,3713,4,2,1,yes,no,no,no,no,1,no,unfurnished
7371037,2617,4,1,1,yes,no,no,no,no,2,no,semi-furnished
4760290,4736,4,2,1,yes,no,no,no,no,1,no,unfurnished
5431567,3170,4,1,2,yes,no,yes,no,no,0,no,furnished
6672564,2844,4,2,2,yes,no,yes,no,no,0,no,unfurnished
8959951,3457,4,2,2,yes,yes,yes,no,yes,1,no,unfurnished
11414460,1479,3,2,3,yes,yes,yes,no,no,2,no,furnished
5751990,4161,3,2,2,yes,yes,no,no,yes,0,no,furnished
9575574,4381,2,2,2,yes,yes,no,no,no,0,yes,semi-furnished
4697776,1867,3,1,1,yes,yes,yes,no,no,2,no,semi-furnished
4324310,4520,3,2,2,yes,no,no,no,yes,0,yes,furnished
12181552,2385,4,2,1,yes,no,no,yes,no,2,no,furnished
7292905,6300,3,2,2,yes,yes,no,no,yes,0,yes,semi-furnished
8142136,2596,4,2,2,yes,no,yes,no,yes,0,no,furnished
4428600,2175,2,2,2,yes,no,no,no,no,2,no,unfurnished
7300373,4879,3,2,1,no,no,yes,yes,yes,2,no,semi-furnished
5479787,4889,3,2,2,yes,no,no,no,no,0,no,semi-furnished
12322998,7271,3,2,2,yes,yes,no,no,yes,0,yes,semi-furnished
5321251,2914,3,2,2,yes,no,no,yes,no,0,no,semi-furnished
9123632,3446,2,2,1,yes,no,yes,no,no,2,no,unfurnished
9311826,5057,3,2,1,yes,no,yes,no,no,2,no,unfurnished
3937287,2945,3,2,2,yes,no,no,no,no,0,yes,unfurnished
12072950,1913,2,2,2,yes,no,yes,no,no,0,no,furnished
3755256,7836,3,1,1,yes,no,yes,no,yes,1,yes,semi-furnished
7341303,3486,3,2,2,yes,no,yes,no,yes,0,no,semi-furnished
5350151,4720,4,2,1,yes,yes,no,no,yes,2,no,unfurnished
10049664,6026,4,2,2,yes,no,no,no,no,1,yes,unfurnished
7883708,3404,4,1,2,yes,no,yes,no,yes,2,no,furnished
7838148,4894,4,2,2,no,no,no,no,no,2,no,unfurnished
3879497,4020,3,1,2,yes,yes,no,no,yes,2,no,unfurnished
10966810,10782,4,2,1,yes,no,yes,yes,yes,1,yes,semi-furnished
8387219,6750,2,1,1,yes,no,yes,no,no,0,yes,semi-furnished
5764024,3408,2,1,2,yes,no,yes,no,no,0,no,semi-furnished
7843455,3901,3,2,2,yes,yes,no,yes,no,2,no,semi-furnished
9094000,2265,3,1,2,yes,no,yes,yes,no,2,no,semi-furnished
6980682,2360,3,2,2,no,no,no,no,yes,2,yes,semi-furnished
9902132,2000,4,1,2,yes,no,yes,no,no,0,no,semi-furnished
8798020,3234,3,1,1,yes,no,yes,no,no,2,no,semi-furnished
8622362,3176,4,2,2,yes,no,no,no,no,0,no,semi-furnished
6895350,2159,2,2,1,yes,no,yes,no,yes,0,no,furnished
3477960,898,3,1,2,yes,yes,no,no,yes,0,yes,unfurnished
7800074,6158,2,2,1,yes,no,no,no,no,0,no,furnished
5619239,3581,2,1,1,yes,no,no,no,yes,0,no,furnished
5726955,3822,3,1,1,yes,no,yes,no,yes,1,no,unfurnished
10347674,3531,2,1,1,yes,yes,no,no,no,2,no,furnished
3255768,3736,4,2,2,yes,no,yes,no,yes,0,yes,furnished
10371747,5929,2,1,2,yes,no,yes,no,no,0,no,unfurnished
7101481,7284,3,1,2,no,no,no,no,yes,0,no,furnished
4852253,1658,4,1,2,no,no,no,no,no,2,yes,unfurnished
9718211,2796,4,2,1,yes,no,no,no,yes,4,no,unfurnished
4664013,3788,3,2,2,yes,yes,no,yes,no,2,no,semi-furnished
11397054,2210,4,2,1,no,no,yes,no,no,0,no,semi-furnished
8209476,7649,4,2,1,yes,yes,no,no,no,1,yes,unfurnished
10077262,3031,3,2,2,yes,no,no,no,no,0,no,semi-furnished
8004976,2236,3,2,1,yes,no,yes,yes,no,4,yes,furnished
8158031,4372,3,2,2,yes,no,no,no,no,2,yes,furnished
7671288,1926,2,2,2,yes,yes,yes,no,yes,2,yes,semi-furnished
11178376,3323,4,2,1,yes,no,no,no,no,0,yes,semi-furnished
8413661,7450,3,1,2,yes,no,no,no,no,2,no,semi-furnished
4649629,3380,3,1,1,yes,no,yes,no,no,2,no,unfurnished
7284401,1736,3,2,1,yes,no,no,no,no,2,no,furnished
11027240,2450,4,2,1,yes,no,no,no,no,0,no,semi-furnished
8024493,2052,3,2,1,yes,no,no,no,no,2,yes,furnished
5958706,3112,2,2,2,yes,no,yes,no,no,2,no,semi-furnished
6928476,9095,3,2,1,no,no,yes,no,no,2,no,furnished
4356405,5467,2,2,2,yes,yes,no,no,yes,0,yes,semi-furnished
3986753,6135,3,1,1,yes,no,no,no,no,1,no,unfurnished
13396925,6976,4,2,2,yes,yes,no,no,no,2,no,furnished
12239602,1954,3,2,2,yes,no,no,no,no,0,yes,furnished
5830769,3293,2,1,2,yes,no,no,no,yes,1,yes,semi-furnished
4426635,3589,4,2,2,no,no,no,no,no,0,no,semi-furnished
4413560,1907,2,2,1,yes,no,no,no,yes,0,no,unfurnished
4990578,10396,4,2,2,yes,yes,yes,yes,no,0,yes,semi-furnished
9781226,5118,4,1,1,yes,no,no,no,no,2,no,semi-furnished
12893749,3786,4,2,2,yes,no,no,no,no,0,no,semi-furnished
4745396,2815,4,2,2,yes,yes,yes,no,yes,0,no,semi-furnished
9068878,1381,2,1,2,yes,no,no,yes,yes,0,no,furnished
8986749,7516,3,2,2,yes,yes,yes,no,no,1,yes,semi-furnished
9042409,3371,2,2,3,no,no,no,no,yes,0,yes,furnished
7511842,4896,4,2,1,yes,no,yes,no,yes,1,no,semi-furnished
8441028,5190,4,2,2,yes,no,no,no,yes,0,no,unfurnished
7789733,6049,2,2,1,yes,no,yes,yes,no,2,no,semi-furnished
5692410,2643,4,2,2,yes,no,yes,no,no,0,no,unfurnished
4011482,2891,3,1,1,yes,no,no,no,no,0,no,semi-furnished
6537328,4895,4,1,2,yes,yes,no,no,no,1,yes,semi-furnished
6236868,4084,3,1,2,yes,no,yes,no,no,0,no,semi-furnished
4856728,1555,2,2,2,yes,no,yes,yes,yes,2,yes,semi-furnished
3468414,4539,3,2,2,yes,yes,yes,no,no,0,no,unfurnished
7573493,2373,3,1,1,yes,no,no,no,yes,0,no,semi-furnished
5429344,2869,2,1,1,yes,no,yes,yes,no,1,no,unfurnished
6901814,2130,2,1,2,yes,yes,no,no,no,0,no,unfurnished
13041729,4784,2,2,2,yes,yes,no,no,no,0,no,furnished
7638936,3681,2,1,2,yes,no,no,no,no,2,no,semi-furnished
5323953,5221,3,1,1,no,no,yes,no,yes,0,no,unfurnished
12021451,3120,3,2,1,yes,yes,no,no,no,1,no,unfurnished
16009941,5375,4,1,1,no,no,yes,no,no,0,no,unfurnished
4236868,2931,7,2,1,yes,no,no,yes,no,0,no,semi-furnished
3146456,2349,3,1,2,no,no,yes,no,no,2,no,semi-furnished
12454897,1438,4,2,2,yes,yes,no,no,no,2,no,semi-furnished
7451668,4476,4,4,1,yes,no,no,no,no,2,yes,semi-furnished
9399221,4007,4,2,1,yes,no,no,no,yes,0,no,furnished
6947971,5429,4,2,4,yes,yes,yes,no,no,1,no,furnished
3290379,4021,3,1,1,yes,no,no,yes,yes,0,no,semi-furnished
6304336,5226,3,1,1,yes,no,no,no,yes,0,yes,unfurnished
8867230,1286,3,2,2,yes,no,no,no,yes,0,yes,furnished
3077428,9301,3,2,1,yes,no,no,no,yes,1,no,furnished
4674925,3710,3,2,2,yes,no,no,no,no,2,no,semi-furnished
11380786,3343,2,2,2,yes,no,no,no,yes,0,no,unfurnished
7147117,3450,3,1,2,yes,no,no,no,yes,0,no,semi-furnished
11781877,2779,2,2,2,yes,no,yes,no,no,0,no,semi-furnished
9683089,2176,3,2,2,yes,yes,yes,no,no,2,yes,semi-furnished
2978560,5742,2,2,3,yes,no,no,no,no,0,no,furnished
5051915,825,4,1,2,no,yes,yes,no,yes,0,no,semi-furnished
3632088,5070,3,2,2,yes,no,no,no,no,0,no,semi-furnished
16009613,5959,3,2,2,yes,no,yes,no,yes,0,no,semi-furnished
5115216,2295,4,2,2,yes,yes,yes,no,yes,0,no,furnished
7693883,2490,3,2,1,yes,no,no,no,no,0,no,unfurnished
11827441,3187,4,2,2,yes,no,yes,no,yes,2,no,unfurnished
11103859,4320,2,2,2,yes,no,yes,no,no,0,no,unfurnished
9014367,1357,4,1,1,yes,no,no,no,no,2,no,unfurnished
3216936,3962,4,2,1,yes,no,no,no,no,2,no,furnished
5686323,5998,4,2,1,yes,no,no,no,no,1,no,unfurnished
5507428,4381,2,1,1,no,no,no,yes,yes,0,no,unfurnished
8542895,3774,4,1,1,yes,no,yes,no,no,0,no,furnished
5791580,2414,3,2,1,yes,no,no,no,yes,1,no,semi-furnished
3812969,6472,3,2,1,yes,no,no,no,yes,2,yes,unfurnished
10042916,6419,3,2,2,yes,no,no,yes,yes,1,no,semi-furnished
7265228,3431,3,2,1,yes,no,yes,no,no,0,yes,furnished
8447244,2547,3,2,2,yes,yes,no,no,yes,0,no,semi-furnished
1266526,3408,3,1,2,yes,no,no,no,no,1,no,semi-furnished
6358025,3175,2,2,1,yes,no,no,no,yes,0,yes,furnished
5155861,6710,2,1,1,yes,no,no,no,no,0,no,unfurnished
8372038,6950,2,1,1,yes,no,yes,no,no,1,yes,furnished
9196305,4721,4,2,1,yes,no,yes,no,no,0,no,unfurnished
6268411,4806,4,2,2,yes,no,no,no,no,2,no,unfurnished
7286791,5260,3,2,1,yes,no,no,no,no,2,no,semi-furnished
4104916,3468,3,2,1,yes,yes,yes,no,yes,2,no,unfurnished
8230267,4821,2,1,1,yes,yes,yes,yes,no,2,yes,unfurnished
5440661,1953,2,2,1,yes,no,no,no,no,0,no,semi-furnished
7047462,4619,4,2,2,yes,no,yes,no,no,2,yes,semi-furnished
7023275,3188,4,2,1,yes,no,no,no,no,1,no,unfurnished
10793790,2009,4,2,1,yes,no,yes,no,no,1,no,unfurnished
13150075,6740,3,2,3,yes,no,no,no,no,2,no,furnished
7477665,2296,4,2,1,no,no,yes,no,no,0,no,semi-furnished
12127519,3416,3,1,2,yes,no,yes,no,no,0,no,unfurnished
11463687,2164,4,1,1,no,no,no,no,no,0,yes,semi-furnished
5063242,994,2,2,2,yes,no,no,no,yes,0,yes,unfurnished
7242129,3308,3,1,1,yes,no,no,no,no,2,no,unfurnished
8977814,4350,4,2,1,no,no,no,no,no,1,no,furnished
9074352,2563,4,2,2,yes,yes,no,yes,yes,2,yes,unfurnished
10190367,3459,3,2,2,yes,no,yes,no,no,0,no,furnished
11282392,1925,3,2,2,yes,no,yes,no,no,0,no,unfurnished
5461459,9001,3,2,3,no,no,yes,no,no,2,no,unfurnished
8054484,6890,3,2,1,yes,no,no,no,no,0,no,semi-furnished
3830969,3542,2,2,1,yes,no,yes,no,yes,1,no,semi-furnished
5878599,4036,2,2,1,yes,no,yes,no,yes,2,no,semi-furnished
10063575,2308,2,2,2,yes,yes,no,no,no,1,no,unfurnished
6372647,1623,3,1,2,yes,no,no,no,no,0,no,unfurnished
6800083,6683,4,2,2,yes,no,no,no,no,2,no,furnished
4684966,4256,3,1,1,yes,yes,yes,no,no,0,no,semi-furnished
11287126,5810,4,2,1,yes,no,yes,no,yes,0,no,unfurnished
9297840,2358,2,2,2,yes,no,yes,no,no,0,no,unfurnished
7191249,3029,4,2,1,no,no,yes,no,yes,0,no,semi-furnished
7282017,5112,3,1,1,yes,no,yes,no,yes,2,no,semi-furnished
4993951,4114,4,2,2,no,no,no,no,yes,2,no,furnished
4107388,6274,3,2,1,yes,no,no,yes,no,0,no,unfurnished
6490076,3899,4,2,2,yes,no,no,no,no,0,no,semi-furnished
5513811,2579,2,2,2,yes,no,yes,no,no,1,no,semi-furnished
6052971,2807,4,2,2,yes,no,yes,no,yes,0,no,semi-furnished
5547302,2911,3,2,1,yes,no,no,no,no,0,no,unfurnished
8286244,2271,3,1,2,yes,yes,no,no,no,0,no,unfurnished
11446035,3821,3,1,1,yes,no,no,no,no,1,no,semi-furnished
10763228,3655,4,2,1,yes,no,no,no,no,2,no,unfurnished
9838505,1573,2,2,1,yes,no,no,no,no,2,yes,semi-furnished
10603328,2414,4,2,2,yes,no,yes,no,no,2,no,semi-furnished
6938780,4802,2,1,1,yes,no,yes,no,no,0,no,semi-furnished
10936899,4582,2,1,1,yes,no,no,yes,no,2,no,unfurnished
11440577,3324,7,1,1,yes,yes,no,no,no,0,no,furnished
10443527,1588,3,2,2,yes,yes,no,no,no,2,no,furnished
5190543,3183,3,2,1,yes,yes,yes,no,no,1,no,unfurnished
2961757,8024,4,4,1,yes,no,yes,no,no,0,no,furnished
10185870,4632,3,1,2,yes,no,no,no,yes,0,no,unfurnished
5112638,1705,4,2,1,yes,no,yes,no,no,1,yes,semi-furnished
9933080,6529,3,1,2,yes,no,no,no,no,2,no,furnished
7988385,3366,3,2,2,yes,no,no,yes,no,2,no,semi-furnished
4092128,7250,4,1,1,yes,no,no,no,yes,1,yes,semi-furnished
4926358,3777,2,2,1,yes,no,no,no,no,1,no,unfurnished
4720414,5610,2,2,3,yes,no,no,no,no,0,yes,furnished
7714070,2278,4,2,1,yes,no,yes,no,yes,2,no,unfurnished
8574538,1607,4,2,2,yes,no,no,no,yes,1,no,unfurnished
7854045,3382,2,2,1,yes,no,yes,no,no,0,no,semi-furnished
12599777,3343,2,2,2,no,no,no,no,no,0,yes,semi-furnished
8452951,2632,3,2,2,yes,no,yes,no,yes,2,no,semi-furnished
5108648,2946,2,2,2,yes,no,no,no,yes,0,yes,unfurnished
10365395,5607,2,2,2,yes,no,no,no,no,0,no,unfurnished
4500658,4578,3,1,2,yes,no,no,no,no,1,no,furnished
7099250,3235,2,1,1,no,no,no,no,no,0,no,furnished
5569160,-451,3,2,2,yes,no,yes,no,no,0,yes,unfurnished
6740569,1758,4,1,1,yes,no,yes,yes,no,0,no,unfurnished
7372885,5539,3,2,1,yes,yes,no,yes,no,1,no,semi-furnished
6535076,2363,2,1,1,yes,no,yes,no,no,0,no,semi-furnished
8480329,1596,2,1,2,yes,no,no,no,no,2,no,semi-furnished
5306629,2150,2,1,2,yes,no,yes,no,no,2,no,unfurnished
7799403,3193,3,1,2,yes,yes,no,no,yes,3,yes,unfurnished
4691399,5877,4,2,2,yes,no,no,no,no,0,no,unfurnished
3857928,3358,4,2,1,yes,no,yes,no,no,2,yes,semi-furnished
11077408,8099,2,1,3,yes,no,yes,no,yes,0,no,unfurnished
10225050,4992,2,2,1,yes,no,no,no,no,0,no,furnished
2832424,1960,3,2,2,no,no,no,no,no,0,no,unfurnished
3887487,5341,2,2,2,yes,yes,no,no,no,0,no,semi-furnished
6136362,1261,2,2,1,yes,no,yes,no,no,1,no,semi-furnished
12222436,3747,5,1,2,no,no,no,no,no,0,yes,furnished
7370033,1841,4,2,1,yes,yes,yes,no,yes,0,no,unfurnished
6827234,4871,2,2,1,yes,no,yes,no,yes,2,no,unfurnished
6159549,2343,3,2,2,yes,no,no,no,no,0,no,furnished
9121191,6722,4,1,1,yes,yes,yes,no,no,2,yes,furnished
9416118,6466,3,2,1,no,no,yes,no,yes,0,no,unfurnished
9578714,2444,2,1,2,yes,no,yes,no,yes,0,yes,semi-furnished
2599489,4409,3,2,1,yes,no,no,no,no,0,no,unfurnished
9900008,1686,2,2,2,yes,no,no,no,yes,1,yes,unfurnished
4785127,3627,4,1,2,no,no,yes,no,no,0,yes,unfurnished
11106164,3404,4,2,2,yes,no,no,no,no,0,no,semi-furnished
4698126,3717,3,2,1,yes,no,yes,no,no,1,yes,semi-furnished
7023064,9670,3,1,1,yes,no,yes,no,no,2,no,unfurnished
3760913,4462,2,2,2,yes,no,no,yes,no,2,no,semi-furnished
8426951,2934,3,2,2,yes,yes,no,no,yes,0,no,unfurnished
3859893,4594,4,1,2,yes,no,yes,no,yes,2,no,furnished
6146082,5402,3,2,2,yes,no,yes,no,no,0,no,unfurnished
6387960,1670,4,1,2,yes,no,no,no,no,2,no,unfurnished
3958450,3339,3,1,2,yes,no,no,no,no,0,yes,unfurnished
5138286,2276,4,2,2,yes,yes,no,no,yes,1,no,furnished
9952836,4364,4,1,1,no,no,no,no,no,0,no,semi-furnished
10118153,4210,3,2,2,yes,yes,no,no,no,0,no,unfurnished
7002966,3215,2,2,2,yes,no,yes,no,yes,0,no,furnished
6498748,3703,2,2,2,yes,no,yes,no,no,1,yes,unfurnished
11803739,2877,4,1,2,yes,no,yes,no,yes,0,no,unfurnished
7578864,5877,3,1,2,yes,yes,no,yes,yes,2,no,semi-furnished
3889558,4706,4,1,2,yes,no,yes,no,no,3,no,unfurnished
6660415,3760,4,1,1,yes,no,yes,no,no,2,no,furnished
4350521,3239,4,2,2,yes,no,yes,no,yes,2,no,furnished
4687063,5838,4,1,2,yes,no,yes,no,no,0,no,semi-furnished
7902142,1505,2,1,2,yes,no,no,no,yes,2,no,semi-furnished
7931035,5709,3,2,2,yes,no,no,no,no,2,yes,unfurnished
9150016,4068,3,1,2,yes,no,no,no,no,2,no,unfurnished
11157304,3092,3,2,1,yes,no,no,no,no,0,no,furnished
8791355,2039,3,2,2,yes,no,no,no,yes,2,no,semi-furnished
7768425,3115,2,2,1,yes,no,yes,no,yes,2,no,furnished
11418085,6458,2,2,1,yes,yes,yes,no,yes,2,yes,furnished
12614593,2644,4,2,1,no,no,yes,no,no,0,no,semi-furnished
4615607,8505,2,2,1,no,no,yes,no,no,0,no,semi-furnished
5568880,5212,3,2,3,no,no,yes,no,no,0,no,unfurnished
8704443,3215,4,2,1,yes,yes,no,no,no,0,no,unfurnished
3069823,4626,2,2,3,yes,no,no,no,yes,0,no,semi-furnished
6236332,7611,4,2,1,yes,no,no,no,no,1,no,furnished
3956583,4507,3,2,2,yes,no,no,no,no,1,no,furnished
6195281,3932,4,1,2,yes,yes,yes,no,no,2,no,semi-furnished
6585851,3708,4,2,2,yes,no,no,no,no,0,yes,semi-furnished
8752026,3462,4,1,2,yes,yes,no,no,no,2,no,furnished
6764240,6928,3,2,2,yes,no,yes,no,yes,0,no,furnished
7480464,3907,4,1,1,yes,no,yes,no,no,0,yes,unfurnished
4924558,4689,2,1,1,no,yes,no,no,no,0,no,furnished
9994813,3296,3,2,1,yes,yes,yes,no,no,0,no,furnished
11843042,4087,4,1,2,yes,no,yes,no,yes,2,no,semi-furnished
3136517,3722,3,1,2,yes,no,yes,no,no,3,yes,unfurnished
7635486,3971,3,2,1,yes,yes,no,no,no,2,yes,semi-furnished
5393031,647,3,1,2,yes,no,no,no,no,2,yes,furnished
7876062,5514,3,2,1,yes,no,no,no,yes,1,yes,furnished
8843374,2979,4,2,1,yes,no,no,no,no,2,no,semi-furnished
10480224,2115,4,2,2,yes,no,yes,no,no,2,no,semi-furnished
7751815,3966,2,2,1,yes,no,yes,no,no,2,no,furnished
4689118,4214,2,1,1,no,no,yes,no,no,2,no,semi-furnished
